,loss_sum,reconstruction_loss,kl_loss
0,510.5996398925781,128.0,382.5996398925781
1,646.5958251953125,128.0,518.5958251953125
